confirmados,obitos,recuperados,ativos,data
1,0,0,1,2020-02-26
1,0,0,1,2020-02-27
1,0,0,1,2020-02-28
2,0,0,2,2020-02-29
2,0,0,2,2020-03-01
2,0,0,2,2020-03-02
2,0,0,2,2020-03-03
4,0,0,4,2020-03-04
4,0,0,4,2020-03-05
13,0,0,13,2020-03-06
13,0,0,13,2020-03-07
20,0,0,20,2020-03-08
25,0,0,25,2020-03-09
31,0,0,31,2020-03-10
38,0,0,38,2020-03-11
52,0,0,52,2020-03-12
151,0,0,151,2020-03-13
151,0,0,151,2020-03-14
162,0,0,162,2020-03-15
200,0,1,199,2020-03-16
321,1,2,318,2020-03-17
372,3,2,367,2020-03-18
621,6,2,613,2020-03-19
793,11,2,780,2020-03-20
1021,15,2,1004,2020-03-21
1546,25,2,1519,2020-03-22
1924,34,2,1888,2020-03-23
2247,46,2,2199,2020-03-24
2554,59,2,2493,2020-03-25
2985,77,6,2902,2020-03-26
3417,92,6,3319,2020-03-27
3904,111,6,3787,2020-03-28
4256,136,6,4114,2020-03-29
4579,159,120,4300,2020-03-30
5717,201,127,5389,2020-03-31
6836,240,127,6469,2020-04-01
8044,324,127,7593,2020-04-02
9056,359,127,8570,2020-04-03
10360,445,127,9788,2020-04-04
11130,486,127,10517,2020-04-05
12161,564,127,11470,2020-04-06
14034,686,127,13221,2020-04-07
16170,819,127,15224,2020-04-08
18092,950,173,16969,2020-04-09
19638,1057,173,18408,2020-04-10
20727,1124,173,19430,2020-04-11
22192,1223,173,20796,2020-04-12
23430,1328,173,21929,2020-04-13
25262,1532,3046,20684,2020-04-14
28320,1736,14026,12558,2020-04-15
30425,1924,14026,14475,2020-04-16
33682,2141,14026,17515,2020-04-17
36658,2354,14026,20278,2020-04-18
38654,2462,22130,14062,2020-04-19
40743,2587,22130,16026,2020-04-20
43079,2741,22991,17347,2020-04-21
45757,2906,25318,17533,2020-04-22
50036,3331,26573,20132,2020-04-23
54043,3704,27655,22684,2020-04-24
59324,4057,29160,26107,2020-04-25
63100,4286,30152,28662,2020-04-26
67446,4603,31142,31701,2020-04-27
73235,5083,32544,35608,2020-04-28
79685,5513,34132,40040,2020-04-29
87187,6006,35935,45246,2020-04-30
92202,6412,38039,47751,2020-05-01
97100,6761,40937,49402,2020-05-02
101826,7051,42991,51784,2020-05-03
108620,7367,45815,55438,2020-05-04
115455,7938,48221,59296,2020-05-05
126611,8588,51370,66653,2020-05-06
135773,9190,55350,71233,2020-05-07
146894,10017,59297,77580,2020-05-08
156061,10656,61685,83720,2020-05-09
162699,11123,64957,86619,2020-05-10
169594,11653,67384,90557,2020-05-11
178214,12461,72597,93156,2020-05-12
190137,13240,78424,98473,2020-05-13
203165,13999,79479,109687,2020-05-14
220291,14962,84970,120359,2020-05-15
233511,15662,89672,128177,2020-05-16
241080,16118,94122,130840,2020-05-17
255368,16853,100459,138056,2020-05-18
271885,17983,106794,147108,2020-05-19
294624,19059,116683,156037,2020-05-20
312761,20128,125960,164080,2020-05-21
334568,21159,135430,174412,2020-05-22
351565,22205,142587,182798,2020-05-23
366033,22863,149911,190634,2020-05-24
378840,23590,153833,197592,2020-05-25
395167,24644,158593,208117,2020-05-26
415366,25705,166647,219576,2020-05-27
443703,26895,177604,233880,2020-05-28
470593,28032,189476,247812,2020-05-29
502914,28896,200892,268714,2020-05-30
516137,29367,206555,278980,2020-05-31
531286,30108,211080,285430,2020-06-01
562963,31473,223638,300546,2020-06-02
589048,32667,238617,312851,2020-06-03
621002,34177,254963,325957,2020-06-04
653103,35253,266940,343805,2020-06-05
676893,36054,277149,359767,2020-06-06
694881,36530,283952,371351,2020-06-07
712219,37393,378257,292021,2020-06-08
743917,38586,396737,304360,2020-06-09
777707,39824,413916,318820,2020-06-10
806399,41092,429965,331944,2020-06-11
830681,41935,445123,341859,2020-06-12
851911,42792,459436,348358,2020-06-13
868705,43426,469141,355151,2020-06-14
893322,44190,477709,366603,2020-06-15
930305,45522,490005,387943,2020-06-16
961230,46707,521046,387821,2020-06-17
986750,47946,534580,395814,2020-06-18
1042809,49118,551631,432328,2020-06-19
1106332,50100,576779,440824,2020-06-20
1086536,50683,588118,444632,2020-06-21
1114728,51445,601736,453463,2020-06-22
1154255,52851,627963,465298,2020-06-23
1195288,53955,660469,474332,2020-06-24
1236752,55135,679524,493619,2020-06-25
1281636,56128,702399,516614,2020-06-26
1318556,57159,727715,528882,2020-06-27
1351439,57753,746018,540503,2020-06-28
1372989,58475,757811,552070,2020-06-29
1412669,59792,788318,554129,2020-06-30
1459494,60878,817642,570479,2020-07-01
1503895,62137,957692,477282,2020-07-02
1546935,63350,984615,491292,2020-07-03
1580502,64410,990731,522008,2020-07-04
1605695,64968,1029045,509143,2020-07-05
1630149,65653,1062542,495255,2020-07-06
1676848,66953,1107012,494836,2020-07-07
1722098,68126,1139844,505352,2020-07-08
1765060,69348,1171447,515148,2020-07-09
1809371,70646,1217361,513068,2020-07-10
1844318,71578,1244088,524293,2020-07-11
1867976,72195,1264843,527738,2020-07-12
1890869,73030,1291251,520883,2020-07-13
1933791,74324,1323425,529266,2020-07-14
1973933,75604,1350098,541284,2020-07-15
2017616,76903,1397531,537932,2020-07-16
2052234,78026,1428520,539957,2020-07-17
2077987,78870,1447408,548680,2020-07-18
2101399,79578,1459072,559829,2020-07-19
2124152,80346,1514300,524226,2020-07-20
2171079,81663,1555339,522828,2020-07-21
2237229,82959,1591975,552768,2020-07-22
2294555,84272,1620313,583080,2020-07-23
2351458,85437,1693214,564914,2020-07-24
2398993,86536,1785359,522705,2020-07-25
2421666,87117,1812913,519174,2020-07-26
2449677,87802,1846641,508116,2020-07-27
2503681,89060,1868749,525903,2020-07-28
2559132,90259,1922802,539329,2020-07-29
2617187,91461,1956807,562032,2020-07-30
2670451,92728,2008854,561156,2020-07-31
2711992,93669,2037982,576332,2020-08-01
2736058,94193,2062876,576697,2020-08-02
2756164,94795,2098976,556677,2020-08-03
2812447,96153,2157484,548618,2020-08-04
2868616,97519,2190361,571456,2020-08-05
2922605,98745,2230542,583177,2020-08-06
2972008,99830,2272299,590571,2020-08-07
3018397,100657,2321537,590398,2020-08-08
3041127,101226,2356983,577390,2020-08-09
3067633,102015,2390830,564888,2020-08-10
3118153,103209,2449338,557266,2020-08-11
3173107,104393,2506228,554356,2020-08-12
3233820,105635,2521100,598313,2020-08-13
3283227,106642,2616981,552016,2020-08-14
3320108,107365,2622878,586986,2020-08-15
3343114,107952,2655017,577328,2020-08-16
3367511,108748,2699080,551954,2020-08-17
3416775,110100,2751246,546220,2020-08-18
3465378,111263,2801931,543621,2020-08-19
3508352,112500,2844318,545353,2020-08-20
3540678,113551,2855558,563414,2020-08-21
3586586,114379,2913966,554146,2020-08-22
3608459,114834,2947784,543255,2020-08-23
3631972,115557,2976256,531296,2020-08-24
3678279,116760,3032551,520864,2020-08-25
3726431,117839,3082447,517044,2020-08-26
3768691,118824,3122846,519896,2020-08-27
3812779,119673,3158783,526516,2020-08-28
3850070,120570,3202185,523706,2020-08-29
3864604,120971,3237615,503868,2020-08-30
3914829,121618,3268591,518300,2020-08-31
3959158,122768,3345240,483095,2020-09-01
4005611,123972,3387309,486776,2020-09-02
4052420,124839,3429435,487589,2020-09-03
4091959,125688,3464278,502021,2020-09-04
4125816,126292,3498999,497798,2020-09-05
4140488,126750,3522155,488716,2020-09-06
4150004,127070,3549201,471633,2020-09-07
4168790,127595,3572421,462188,2020-09-08
4205877,128752,3611632,457718,2020-09-09
4246638,129726,3657701,451223,2020-09-10
4288171,130574,3695158,456610,2020-09-11
4318971,131341,3723206,461271,2020-09-12
4332991,131746,3723206,475624,2020-09-13
4353602,132204,3770138,443466,2020-09-14
4388154,133286,3811505,437639,2020-09-15
4425451,134248,3845464,439513,2020-09-16
4461856,135117,3873934,446517,2020-09-17
4501587,135945,3897539,461851,2020-09-18
4531145,136626,3936893,454815,2020-09-19
4546587,136977,3963446,444288,2020-09-20
4564222,137443,3993432,427336,2020-09-21
4599189,138237,4016831,436428,2020-09-22
4631915,139169,4046827,406432,2020-09-23
4663930,139964,4102954,414940,2020-09-24
4696240,140786,4128490,420586,2020-09-25
4720958,141508,4153307,423278,2020-09-26
4734745,141847,4172711,417857,2020-09-27
4751616,142238,4197372,406034,2020-09-28
4784464,143096,4237152,397449,2020-09-29
4817365,144078,4274774,392209,2020-09-30
4853148,144851,4299659,402753,2020-10-01
4885966,145505,4299659,402753,2020-10-02
4908974,146093,4361108,399738,2020-10-03
4917689,146451,4375354,393583,2020-10-04
4943742,146844,4397882,382678,2020-10-05
4975268,147654,4430340,391307,2020-10-06
5006206,148379,4457172,395294,2020-10-07
5033036,149114,4488092,391395,2020-10-08
5060769,149768,4502854,403395,2020-10-09
5084513,150302,4502854,429585,2020-10-10
5096704,150580,4526393,418098,2020-10-11
5105340,150774,4526393,426326,2020-10-12
5118699,151152,4526393,436237,2020-10-13
5146543,151884,4526393,462723,2020-10-14
5176969,152698,4526393,490533,2020-10-15
5205565,153341,4526393,520693,2020-10-16
5226341,153756,4526393,544294,2020-10-17
5238392,153991,4526393,544294,2020-10-18
5254971,154317,4526393,570158,2020-10-19
5278737,154965,4526393,592724,2020-10-20
5304593,155536,4526393,616976,2020-10-21
5329357,156041,4526393,641337,2020-10-22
5359358,156604,4526393,670792,2020-10-23
5384342,156991,4526393,697339,2020-10-24
5396596,157224,4526393,710601,2020-10-25
5415207,157526,4526393,726064,2020-10-26
5445189,158052,4914733,366962,2020-10-27
5473540,158556,4947777,362037,2020-10-28
5500240,159107,4962574,372833,2020-10-29
5524593,159680,4987435,369746,2020-10-30
5537763,159972,5005161,370560,2020-10-31
5547951,160175,5022338,363293,2020-11-01
5556200,160340,5039438,354515,2020-11-02
5570782,160628,5060697,344856,2020-11-03
5594098,161246,5078162,350757,2020-11-04
5617943,161849,5078162,350757,2020-11-05
5638143,162120,5118156,351010,2020-11-06
5655887,162348,5138641,352651,2020-11-07
5666389,162538,5147172,354546,2020-11-08
5679803,162724,5163226,349178,2020-11-09
5726227,162922,5183970,352233,2020-11-10
5752474,163496,5222937,361355,2020-11-11
5786393,164429,5254457,362844,2020-11-12
5825111,165005,5274812,371103,2020-11-13
5851389,165739,5279452,403849,2020-11-14
5865295,165879,5279452,417843,2020-11-15
5881039,166136,5335498,374952,2020-11-16
5916529,166814,5358299,386760,2020-11-17
5951281,167568,5383385,395009,2020-11-18
5987143,168218,5406066,407640,2020-11-19
6025913,168731,5430896,420655,2020-11-20
6056135,169088,5437189,446608,2020-11-21
6074061,169266,5457973,444245,2020-11-22
6092219,169621,5481184,436939,2020-11-23
6126752,170248,5509645,438948,2020-11-24
6171380,170871,5534010,461827,2020-11-25
6212265,171581,5556887,475873,2020-11-26
6245773,172140,5581436,484940,2020-11-27
6297258,172684,5581436,536275,2020-11-28
6318270,172917,5581436,560471,2020-11-29
6341965,173268,5597802,564956,2020-11-30
6393950,173953,5712305,500665,2020-12-01
6442425,174632,5759294,502841,2020-12-02
6492564,175393,5792539,519275,2020-12-03
6540235,176071,5825745,532259,2020-12-04
6580517,176718,5864838,535711,2020-12-05
6606947,177058,5866657,559942,2020-12-06
6633971,177483,5897526,549068,2020-12-07
6681767,178281,5965492,531348,2020-12-08
6736358,179134,5966118,583339,2020-12-09
6789908,179903,6043219,558815,2020-12-10
6842458,180564,6078287,577503,2020-12-11
6884782,181241,6078287,620717,2020-12-12
6906811,181536,6138349,582201,2020-12-13
6934191,182049,6158049,587261,2020-12-14
6982223,182983,6206483,580752,2020-12-15
7048347,183924,6239192,617681,2020-12-16
7117046,184985,6301547,624060,2020-12-17
7169899,185802,6322955,654373,2020-12-18
7218141,186461,6388938,637861,2020-12-19
7242625,186880,6408517,643319,2020-12-20
7270270,187441,6469310,607018,2020-12-21
7326935,188410,6501341,629221,2020-12-22
7372614,189375,6512717,663580,2020-12-23
7430825,190135,6512717,721246,2020-12-24
7452008,190617,6512717,745355,2020-12-25
7469541,190913,6654189,620822,2020-12-26
7487155,191250,6677235,615911,2020-12-27
7514592,191788,6712757,600506,2020-12-28
7570963,192839,6754111,616759,2020-12-29
7626563,194056,6814092,611233,2020-12-30
7681032,195072,6848844,632180,2020-12-31
7703971,195541,6855372,649795,2021-01-01
7719324,195834,6893256,627424,2021-01-02
7736514,196145,6904172,633556,2021-01-03
7761553,196742,6950045,607146,2021-01-04
7819636,197930,6994845,617823,2021-01-05
7882143,199161,7033286,641570,2021-01-06
7970112,200679,7081521,679654,2021-01-07
8029698,201760,7136817,675431,2021-01-08
8081091,202769,7205410,667957,2021-01-09
8110118,203259,7231336,671354,2021-01-10
8140865,203750,7273237,654795,2021-01-11
8205289,204875,7284945,706002,2021-01-12
8265116,206139,7347080,703492,2021-01-13
8333445,207293,7394739,722460,2021-01-14
8402542,208428,7438075,747171,2021-01-15
8460987,209442,7485823,759940,2021-01-16
8492403,209993,7509009,769243,2021-01-17
8521336,210469,7560460,741011,2021-01-18
8583485,211629,7618080,744293,2021-01-19
8647962,213024,7618080,807338,2021-01-20
8706912,214371,7673092,810129,2021-01-21
8763517,215442,7746910,791767,2021-01-22
8821815,216587,7775928,823881,2021-01-23
8850334,217182,7821376,806164,2021-01-24
8880864,217872,7864969,788760,2021-01-25
8942472,219027,7896290,818188,2021-01-26
9007244,220363,7964176,812539,2021-01-27
9068004,221801,7979513,857627,2021-01-28
9127507,222888,8066603,829244,2021-01-29
9180621,224080,8148671,804359,2021-01-30
9208521,224648,8176373,803854,2021-01-31
9237011,225271,8202354,801869,2021-02-01
9293289,226532,8258074,799035,2021-02-02
9347703,227731,8311881,799976,2021-02-03
9404810,229007,8366197,801301,2021-02-04
9456500,230258,8396148,820983,2021-02-05
9502810,231195,8428992,788139,2021-02-06
9528972,231684,8467982,825124,2021-02-07
9557558,232405,8478818,814288,2021-02-08
9608775,233720,8577207,788838,2021-02-09
9669883,235081,8616282,808035,2021-02-10
9723487,236523,8637050,840658,2021-02-11
9772429,237743,8691664,836302,2021-02-12
9817285,238768,8740445,830777,2021-02-13
9848008,239421,8765048,830220,2021-02-14
9873816,240032,8821887,805050,2021-02-15
9939100,241124,8847264,833777,2021-02-16
9986325,242313,8933402,803255,2021-02-17
10039804,243752,8960755,826414,2021-02-18
10091961,245083,8988618,850853,2021-02-19
10144332,246114,9070505,822666,2021-02-20
10173817,246720,9095692,825978,2021-02-21
10205663,247431,9108205,839812,2021-02-22
10269248,248790,9189903,819443,2021-02-23
10334634,250236,9214337,860169,2021-02-24
10402913,251811,9264696,874267,2021-02-25
10466308,253154,9309568,893227,2021-02-26
10524726,254406,9371448,891563,2021-02-27
10558091,255179,9382316,914001,2021-02-28
10598476,256007,9437611,893670,2021-03-01
10658171,257728,9506251,883314,2021-03-02
10731070,259576,9548315,911044,2021-03-03
10807092,261384,9605870,926892,2021-03-04
10879597,263098,9647550,958907,2021-03-05
10946501,264588,9686024,988487,2021-03-06
11028185,265686,9739464,1014469,2021-03-07
11064770,266808,9826292,958975,2021-03-08
11136064,268759,9878566,975493,2021-03-09
11217531,271140,9921994,1009655,2021-03-10
11294602,273335,9983656,1021172,2021-03-11
11377073,275457,10041024,1047251,2021-03-12
11447416,277413,10084820,1077636,2021-03-13
11490864,278483,10113487,1091654,2021-03-14
11535178,279817,10195598,1044725,2021-03-15
11620823,282667,10261154,1060254,2021-03-16
11709475,285328,10326375,1082688,2021-03-17
11797401,288052,10383496,1109825,2021-03-18
11885660,290708,10435864,1145212,2021-03-19
11958814,293076,10476123,1181584,2021-03-20
12006259,294323,10509457,1194734,2021-03-21
12062229,295926,10611595,1140506,2021-03-22
12147437,299073,10665161,1166182,2021-03-23
12238343,301390,10750131,1169195,2021-03-24
12336604,304044,10808499,1208208,2021-03-25
12416950,307554,10886792,1210510,2021-03-26
12498653,310963,10948382,1231430,2021-03-27
12545611,312545,11004281,1218201,2021-03-28
12588226,314558,11022192,1237557,2021-03-29
12674667,318213,11085369,1255094,2021-03-30
12763392,322138,11181371,1245861,2021-03-31
12851165,325793,11240213,1274347,2021-04-01
12920540,328594,11277632,1304244,2021-04-02
12959895,330503,11327510,1295894,2021-04-03
12992213,331745,11343607,1309916,2021-04-04
13034887,333657,11405558,1275291,2021-04-05
13120019,337725,11459548,1304085,2021-04-06
13208715,341396,11592159,1260270,2021-04-07
13297270,345544,11668734,1266098,2021-04-08
13385380,349296,11722181,1302275,2021-04-09
13451932,351674,11739649,1354023,2021-04-10
13491107,353531,11878958,1249928,2021-04-11
13530757,355242,11892229,1270962,2021-04-12
13613418,358999,11975121,1266448,2021-04-13
13688024,362444,12033880,1277743,2021-04-14
13759207,365935,12084851,1296386,2021-04-15
13843594,369272,12163831,1299875,2021-04-16
13912159,372149,12212890,1315523,2021-04-17
13950997,373671,12303538,1266198,2021-04-18
13987519,375427,12346828,1252185,2021-04-19
14060162,378774,12425791,1239282,2021-04-20
14134150,381971,12436210,1305110,2021-04-21
14182258,384022,12530970,1253501,2021-04-22
14251539,387064,12586272,1264390,2021-04-23
14315320,389830,12606011,1312712,2021-04-24
14348961,391164,12614559,1335431,2021-04-25
14381359,392544,12707500,1269987,2021-04-26
14457203,395625,12815119,1231422,2021-04-27
14534482,398637,12849663,1273441,2021-04-28
14603096,401669,12942081,1247411,2021-04-29
14675104,404530,12991951,1263279,2021-04-30
14733396,406770,13023892,1295646,2021-05-01
14762684,408036,13083550,1263721,2021-05-02
14801673,409161,13135143,1235764,2021-05-03
14871208,412140,13170561,1274739,2021-05-04
14947580,414911,13254660,1261124,2021-05-05
15019870,417447,13285589,1301025,2021-05-06
15096714,419633,13400075,1263260,2021-05-07
15158475,421715,13422047,1302516,2021-05-08
15191195,422637,13457400,1305050,2021-05-09
15227496,423748,13481062,1305699,2021-05-10
15297602,425993,13592463,1264702,2021-05-11
15373850,428574,13622419,1308944,2021-05-12
15453880,430851,13662690,1340882,2021-05-13
15531794,433038,13703280,1383617,2021-05-14
15599145,435039,13710822,1440997,2021-05-15
15636709,436100,13764520,1426972,2021-05-16
15672307,437185,13856731,1364123,2021-05-17
15747112,439636,13957814,1335972,2021-05-18
15827375,442136,14043766,1326598,2021-05-19
15910762,444647,14080089,1369911,2021-05-20
15987393,446773,14103800,1420840,2021-05-21
16055289,448499,14132443,1466788,2021-05-22
16093784,449388,14132443,1501747,2021-05-23
16131264,450250,14190644,1480254,2021-05-24
16205305,452434,14231991,1510187,2021-05-25
16285550,454897,14272174,1548092,2021-05-26
16350081,456998,14455810,1429678,2021-05-27
16403969,459424,14492701,1440184,2021-05-28
16479832,461365,14496224,1514319,2021-05-29
16521281,462278,14540507,1512682,2021-05-30
16557888,463244,14586009,1496754,2021-05-31
16636801,465578,14694950,1464331,2021-06-01
16733079,468086,14763694,1488681,2021-06-02
16809146,470000,14763694,1570390,2021-06-03
16852317,471191,14868994,1501572,2021-06-04
16913984,472861,14944069,1490825,2021-06-05
16954327,473741,15000718,1472940,2021-06-06
16994043,474890,15019797,1490007,2021-06-07
17049756,477538,15055747,1504590,2021-06-08
17134623,479930,15154101,1489261,2021-06-09
17225867,482435,15211176,1517774,2021-06-10
17312179,484612,15260459,1551424,2021-06-11
17385952,486586,15271120,1617426,2021-06-12
17422936,487706,15400169,1525196,2021-06-13
17465628,488726,15421397,1542987,2021-06-14
17552769,491411,15519955,1522570,2021-06-15
17639297,494113,15569556,1565339,2021-06-16
17715789,496427,15660614,1546012,2021-06-17
17811233,498903,15687189,1615774,2021-06-18
17889167,501108,15745463,1637487,2021-06-19
17933754,502139,15745463,1680640,2021-06-20
17979164,503120,15819764,1644481,2021-06-21
18103412,505223,15862096,1687840,2021-06-22
18180808,507488,16008271,1654501,2021-06-23
18257432,509526,16038230,1696112,2021-06-24
18332493,511534,16097711,1713907,2021-06-25
18393158,513051,16146608,1727551,2021-06-26
18425138,513772,16160826,1746298,2021-06-27
18457197,514486,16240380,1693930,2021-06-28
18523153,516424,16277785,1719535,2021-06-29
18570296,518488,16299258,1739817,2021-06-30
18631426,520420,16477253,1624956,2021-07-01
18694998,522296,16509821,1655696,2021-07-02
18748731,523932,16524100,1694338,2021-07-03
18774193,524703,16582483,1662908,2021-07-04
18802128,525492,16675561,1591838,2021-07-05
18863811,527251,16740136,1587987,2021-07-06
18917978,528836,16763522,1616975,2021-07-07
18972125,530563,16796161,1636422,2021-07-08
19030577,532035,16823301,1665510,2021-07-09
19074698,533193,16983333,1552777,2021-07-10
19093845,533758,17001043,1555409,2021-07-11
19113078,534540,17014796,1557942,2021-07-12
19161644,536199,17037027,1579128,2021-07-13
19217741,537735,17128429,1543906,2021-07-14
19272139,539344,17141848,1581728,2021-07-15
19315054,540733,17252650,1515061,2021-07-16
19364084,542004,17254329,1546853,2021-07-17
19380831,542485,17304814,1529546,2021-07-18
19397587,543153,17319329,1529760,2021-07-19
19428736,544532,17371065,1504192,2021-07-20
19484572,545932,17404495,1523855,2021-07-21
19533253,547363,17470332,1506363,2021-07-22
19640373,548654,17475091,1609012,2021-07-23
19675021,549735,17656625,1464461,2021-07-24
19693277,550214,17702038,1436701,2021-07-25
19714719,550839,17704701,1452459,2021-07-26
19758310,552128,17715481,1481757,2021-07-27
19805359,553501,17742532,1501375,2021-07-28
19846680,554842,17771228,1513644,2021-07-29
19887058,555727,17771228,1553585,2021-07-30
19922146,556676,17771228,1590257,2021-07-31
19942499,557091,17771228,1610296,2021-08-01
19961374,557635,17771228,1625050,2021-08-02
19993870,558872,17771228,1656157,2021-08-03
20034407,559944,17771228,1695698,2021-08-04
20073891,561070,0,19505881,2021-08-05
20116562,562029,0,19546984,2021-08-06
20156095,563028,0,19589027,2021-08-07
20169989,563417,0,19602521,2021-08-08
20185531,563925,0,19614195,2021-08-09
20220993,565193,0,19647869,2021-08-10
20256436,566238,0,19679337,2021-08-11
20292294,567254,0,19718171,2021-08-12
20325289,568146,0,19751138,2021-08-13
20354591,569058,0,19781354,2021-08-14
20368358,569447,0,19795041,2021-08-15
20386548,569861,0,19809078,2021-08-16
20425554,570955,0,19845585,2021-08-17
20465725,571945,0,19886235,2021-08-18
20501738,572968,0,19921571,2021-08-19
20535951,573862,0,19954588,2021-08-20
20561273,574473,0,19982278,2021-08-21
20575218,574806,0,19996364,2021-08-22
20590872,575223,0,20009146,2021-08-23
20622681,576082,0,20039124,2021-08-24
20652660,576969,0,20068892,2021-08-25
20683583,577840,0,20098996,2021-08-26
20711339,578658,0,20125580,2021-08-27
20734286,579287,0,20149595,2021-08-28
20745549,579565,0,20162507,2021-08-29
20758350,579883,0,20172707,2021-08-30
20785196,580764,0,20196457,2021-08-31
20810944,581461,0,20223065,2021-09-01
20837967,582243,0,20248581,2021-09-02
20861571,582983,0,20273390,2021-09-03
20881896,583621,0,20294502,2021-09-04
20894557,583892,0,20307151,2021-09-05
20904729,584112,0,20316123,2021-09-06
20918333,584439,0,20330129,2021-09-07
20932515,584688,0,20343587,2021-09-08
20965338,585512,0,20373725,2021-09-09
20981793,586148,0,20389004,2021-09-10
20995555,586817,0,20402606,2021-09-11
21003416,587116,0,20412928,2021-09-12
21012064,587400,0,20419358,2021-09-13
21025635,588078,0,20432033,2021-09-14
21038911,588879,0,20446013,2021-09-15
21074358,589542,0,20479771,2021-09-16
21109695,590180,0,20490646,2021-09-17
21234573,590766,0,20639817,2021-09-18
21243748,591014,0,20649031,2021-09-19
21253033,591279,0,20656712,2021-09-20
21268413,591952,0,20655654,2021-09-21
21300996,592617,0,20691251,2021-09-22
21325913,593246,0,20715214,2021-09-23
21344578,593926,0,20733953,2021-09-24
21358441,594466,0,20749104,2021-09-25
21367297,594732,0,20757529,2021-09-26
21376642,594926,0,20771742,2021-09-27
21393526,595743,0,20786344,2021-09-28
21410411,596424,0,20803424,2021-09-29
21432362,597032,0,20830324,2021-09-30
21450424,597522,0,20848396,2021-10-01
21462810,597976,0,20861394,2021-10-02
21471963,598202,0,20870173,2021-10-03
21483481,598406,0,20880394,2021-10-04
21505626,599090,0,20900245,2021-10-05
21524172,599660,0,20917608,2021-10-06
21538788,600088,0,20932748,2021-10-07
21557323,600718,0,20950305,2021-10-08
21572127,601134,0,20966352,2021-10-09
21580539,601285,0,20974809,2021-10-10
21587532,601492,0,20981525,2021-10-11
21594887,601667,0,20988699,2021-10-12
21603259,601873,0,20996375,2021-10-13
21618491,602445,0,21010138,2021-10-14
21632789,602952,0,21024807,2021-10-15
21642550,603417,0,21035574,2021-10-16
21648735,603545,0,21041182,2021-10-17
21658054,603747,0,21048445,2021-10-18
21671287,604126,0,21061024,2021-10-19
21686995,604525,0,21076260,2021-10-20
21703981,604991,0,21092662,2021-10-21
21717379,605438,0,21106704,2021-10-22
21729284,605788,0,21118102,2021-10-23
21733820,605907,0,21124119,2021-10-24
21741647,606114,0,21129756,2021-10-25
21754992,606517,0,21142738,2021-10-26
21772116,606952,0,21159489,2021-10-27
21785802,607325,0,21174368,2021-10-28
21798483,607733,0,21185939,2021-10-29
21808495,607949,0,21196400,2021-10-30
21814625,608082,0,21203031,2021-10-31
21819251,608185,0,21206771,2021-11-01
21825169,608337,0,21213053,2021-11-02
21841479,608527,0,21227550,2021-11-03
21854726,608961,0,21240466,2021-11-04
21867724,609343,0,21253398,2021-11-05
21878897,609646,0,21264936,2021-11-06
21884558,609716,0,21270992,2021-11-07
21891439,609836,0,21276504,2021-11-08
21903249,610044,0,21287269,2021-11-09
21918229,610313,0,21299262,2021-11-10
21933767,610553,0,21314374,2021-11-11
21948366,611174,0,21328705,2021-11-12
21957724,611481,0,21342616,2021-11-13
21962026,611546,0,21346684,2021-11-14
21964769,611616,0,21349420,2021-11-15
21971337,611759,0,21354206,2021-11-16
21984449,612136,0,21365810,2021-11-17
21995851,612408,0,21377818,2021-11-18
22008224,612646,0,21390947,2021-11-19
22016439,612853,0,21399563,2021-11-20
22021527,612949,0,21404617,2021-11-21
22025668,613075,0,21407630,2021-11-22
22038108,613370,0,21417116,2021-11-23
22050362,613641,0,21429773,2021-11-24
22062645,613929,0,21441596,2021-11-25
22073524,614234,0,21453673,2021-11-26
22081833,614461,0,21462677,2021-11-27
22085369,614541,0,21466628,2021-11-28
22089858,614659,0,21470373,2021-11-29
22100143,614985,0,21479778,2021-11-30
22112425,615253,0,21490908,2021-12-01
22124356,615449,0,21503603,2021-12-02
22134978,615683,0,21514009,2021-12-03
22142385,615829,0,21522677,2021-12-04
22147078,615900,0,21527455,2021-12-05
22153095,616032,0,21531732,2021-12-06
22163231,616293,0,21541708,2021-12-07
22173363,616533,0,21551530,2021-12-08
22182116,616733,0,21560602,2021-12-09
22189181,616961,0,21560602,2021-12-10
22191865,617014,0,21560602,2021-12-11
22193480,617096,0,21560602,2021-12-12
22196250,617141,0,21560602,2021-12-13
22200629,617254,0,21578805,2021-12-14
22205707,617552,0,21583950,2021-12-15
22209368,617675,0,21583950,2021-12-16
22213731,617873,0,21587546,2021-12-17
22216112,618011,0,21587546,2021-12-18
22217570,618066,0,21595959,2021-12-19
22220209,618149,0,21597983,2021-12-20
22223943,618220,0,21601529,2021-12-21
22227169,618366,0,21604837,2021-12-22
22230943,618492,0,21612451,2021-12-23
22234623,618655,0,21615968,2021-12-24
22238297,618686,0,21619683,2021-12-25
22243266,618732,0,21624534,2021-12-26
22250218,618797,0,21631421,2021-12-27
22259270,618978,0,21640292,2021-12-28
22269031,619095,0,21649936,2021-12-29
22281649,619249,0,21662400,2021-12-30
22291839,619334,0,21672505,2021-12-31
22295621,619367,0,21676254,2022-01-01
22297427,619401,0,21678026,2022-01-02
22309081,619473,0,21689608,2022-01-03
22328252,619654,0,21708598,2022-01-04
22351104,619654,0,21708598,2022-01-05
22386930,619654,0,21708598,2022-01-06
22450222,619822,0,21708598,2022-01-07
22499525,619937,0,21708598,2022-01-08
22529183,620251,0,21908932,2022-01-09
22563104,620366,0,21942738,2022-01-10
22636359,620507,0,22015852,2022-01-11
22724232,620641,0,22103591,2022-01-12
22822177,620830,0,22201347,2022-01-13
22933289,621063,0,22312226,2022-01-14
22981851,621233,0,22360618,2022-01-15
23015128,621327,0,22393801,2022-01-16
23089509,621478,0,22468031,2022-01-17
23229851,621803,0,22608048,2022-01-18
23425392,622125,0,22803267,2022-01-19
23595178,622476,0,22972702,2022-01-20
23766499,622875,0,23143624,2022-01-21
23931609,623191,0,23308418,2022-01-22
24054405,623370,0,23431035,2022-01-23
24142032,623636,0,23518396,2022-01-24
24342322,624129,0,23718193,2022-01-25
24560093,624717,0,23935376,2022-01-26
24789795,625390,0,24164405,2022-01-27
25050601,626170,0,24424431,2022-01-28
25256198,626870,0,24629328,2022-01-29
25360647,627150,0,24733497,2022-01-30
25463530,627589,0,24835941,2022-01-31
25634781,628356,0,25006425,2022-02-01
25820745,629301,0,25191444,2022-02-02
26107894,630301,0,25477593,2022-02-03
26326454,631265,0,25695189,2022-02-04
26484546,632095,0,25852451,2022-02-05
26546399,632514,0,25913885,2022-02-06
26616014,632946,0,25983068,2022-02-07
26793497,634118,0,26159379,2022-02-08
26972914,635421,0,26337493,2022-02-09
27135550,636338,0,26499212,2022-02-10
27299336,637467,0,26661869,2022-02-11
27434286,638346,0,26795940,2022-02-12
27492904,638673,0,26854231,2022-02-13
27552267,639151,0,26913116,2022-02-14
27677468,640076,0,27037392,2022-02-15
27819996,641096,0,27178900,2022-02-16
27940119,642156,0,27297963,2022-02-17
28072238,643340,0,27428898,2022-02-18
28177367,644195,0,27533172,2022-02-19
28218180,644592,0,27573588,2022-02-20
28258458,644918,0,27613540,2022-02-21
28361951,645735,0,27716216,2022-02-22
28493336,646714,0,27846622,2022-02-23
28589235,647703,0,27941532,2022-02-24
28679671,648496,0,28031175,2022-02-25
28749552,649184,0,28100368,2022-02-26
28776794,649437,0,28127357,2022-02-27
28796571,649676,0,28146895,2022-02-28
28818850,649922,0,28168928,2022-03-01
28846495,650254,0,28196241,2022-03-02
28906672,650824,0,28255848,2022-03-03
28978052,651522,0,28326530,2022-03-04
29040800,652216,0,28388584,2022-03-05
29056525,652438,0,28404087,2022-03-06
29077831,652648,0,28425183,2022-03-07
29152318,653134,0,28499184,2022-03-08
29198101,653767,0,28544334,2022-03-09
29259206,654380,0,28604826,2022-03-10
29313228,654843,0,28658385,2022-03-11
29361024,655234,0,28705790,2022-03-12
29374833,655359,0,28719474,2022-03-13
29391345,655557,0,28735788,2022-03-14
29441039,655878,0,28785161,2022-03-15
29488777,656231,0,28832546,2022-03-16
29532810,656693,0,28876117,2022-03-17
29584800,657098,0,28927702,2022-03-18
29624435,657389,0,28967046,2022-03-19
29637814,657495,0,28980319,2022-03-20
29650082,657595,0,28992487,2022-03-21
29691641,658005,0,29033636,2022-03-22
29738362,658286,0,29080076,2022-03-23
29775568,658600,0,29116968,2022-03-24
29809769,658855,0,29150914,2022-03-25
29839103,659046,0,29180057,2022-03-26
29849740,659159,0,29190581,2022-03-27
29857641,659227,0,29198414,2022-03-28
29887191,659508,0,29227683,2022-03-29
29920604,659769,0,29260835,2022-03-30
29951670,660022,0,29291648,2022-03-31
29978513,660265,0,29318248,2022-04-01
29995575,660371,0,29335204,2022-04-02
30002785,660410,0,29342375,2022-04-03
30015357,660570,0,29354787,2022-04-04
30042272,660786,0,29381486,2022-04-05
30069094,660980,0,29408114,2022-04-06
30095328,661228,0,29434100,2022-04-07
30125540,661377,0,29464163,2022-04-08
30146769,661475,0,29485294,2022-04-09
30153979,661513,0,29492466,2022-04-10
30161909,661576,0,29500333,2022-04-11
30184286,661741,0,29522545,2022-04-12
30210934,661904,0,29549030,2022-04-13
30234024,662043,0,29571981,2022-04-14
30247302,662154,0,29585148,2022-04-15
30250077,662185,0,29587892,2022-04-16
30252618,662207,0,29590411,2022-04-17
30261088,662271,0,29598817,2022-04-18
30275219,662396,0,29612823,2022-04-19
30311969,662659,0,29649310,2022-04-20
30330629,662751,0,29667878,2022-04-21
30338697,662802,0,29675895,2022-04-22
30345808,662855,0,29682953,2022-04-23
30349463,662891,0,29686572,2022-04-24
30355919,662964,0,29692955,2022-04-25
30378061,663108,0,29714953,2022-04-26
30399004,663350,0,29735654,2022-04-27
30418920,663464,0,29755456,2022-04-28
30433042,663649,0,29769393,2022-04-29
30448236,663736,0,29784500,2022-04-30
30454499,663752,0,29790747,2022-05-01
30460997,663838,0,29797159,2022-05-02
30482429,663930,0,29818499,2022-05-03
30502501,663994,0,29838507,2022-05-04
30524183,664131,0,29860052,2022-05-05
30543908,664326,0,29879582,2022-05-06
30558530,664361,0,29894169,2022-05-07
30564536,664374,0,29900162,2022-05-08
30574245,664426,0,29909819,2022-05-09
30594388,664624,0,29929764,2022-05-10
30617786,664750,0,29953036,2022-05-11
30639130,664874,0,29974256,2022-05-12
30664739,665012,0,29999727,2022-05-13
30682094,665104,0,30016990,2022-05-14
30688390,665150,0,30023240,2022-05-15
30701900,665216,0,30036684,2022-05-16
30701900,665216,0,30036684,2022-05-17
30701900,665216,0,30036684,2022-05-18
30701900,665216,0,30036684,2022-05-19
30762413,665722,0,30096691,2022-05-20
30762413,665720,0,30096693,2022-05-21
30791220,665854,0,30125366,2022-05-22
30803995,665891,0,30138104,2022-05-23
30836815,666129,0,30170686,2022-05-24
30851191,666261,0,30184930,2022-05-25
30880512,666180,0,30214332,2022-05-26
30921145,666319,0,30254826,2022-05-27
30945384,666391,0,30278993,2022-05-28
30953579,666453,0,30287126,2022-05-29
30977661,666516,0,30311145,2022-05-30
31019038,666676,0,30352362,2022-05-31
31060017,666801,0,30393216,2022-06-01
31101290,666930,0,30434360,2022-06-02
31137479,666971,0,30470508,2022-06-03
31137479,666971,0,30470508,2022-06-04
31137479,666971,0,30470508,2022-06-05
31195118,667041,0,30528077,2022-06-06
31266163,667348,0,30598815,2022-06-07
31315777,667647,0,30648130,2022-06-08
31360850,667790,0,30693060,2022-06-09
31417341,667960,0,30749381,2022-06-10
31445137,668074,0,30777063,2022-06-11
31456865,668110,0,30788755,2022-06-12
31497038,668180,0,30828858,2022-06-13
31541479,668354,0,30873125,2022-06-14
31611769,668693,0,30943076,2022-06-15
31611769,668693,0,30943076,2022-06-16
31611769,668693,0,30943076,2022-06-17
31611769,668693,0,30943076,2022-06-18
31611769,668693,0,30943076,2022-06-19
31754465,669161,0,31085304,2022-06-20
31818827,669390,0,31149437,2022-06-21
31890733,669530,0,31221203,2022-06-22
31962782,669895,0,31292887,2022-06-23
32023166,670229,0,31352937,2022-06-24
32023166,670229,0,31352937,2022-06-25
32023166,670229,0,31352937,2022-06-26
32130316,670532,0,31459784,2022-06-27
32206954,670848,0,31536106,2022-06-28
32206954,670848,0,31536106,2022-06-29
32358018,671416,0,31686602,2022-06-30
32434063,671700,0,31762363,2022-07-01
32471847,671858,0,31799989,2022-07-02
32490422,671911,0,31818511,2022-07-03
32535923,672033,0,31863890,2022-07-04
32610514,672429,0,31938085,2022-07-05
32687680,672790,0,32014890,2022-07-06
32759730,673073,0,32086657,2022-07-07
32830844,673339,0,32157505,2022-07-08
32874501,673554,0,32200947,2022-07-09
32896464,673610,0,32222854,2022-07-10
